{
  "accuracy": 0.6818181818181818,
  "precision": 1.0,
  "recall": 0.2222222222222222,
  "f1_score": 0.36363636363636365,
  "confusion_matrix": [
    [
      13,
      0
    ],
    [
      7,
      2
    ]
  ],
  "train_samples": 85,
  "test_samples": 22,
  "timestamp": "2026-01-25T21:28:52.874755"
}